term_uid,zh_term,en_term,aliases,volume_code,category,definition_short,definition_long,visual_effect,prompt_usage,positive_prompt,negative_prompt,positive_prompt_cn,negative_prompt_cn,use_cases,related_terms,confused_with,tags,source_refs,status,version
V01_T0001,f/1.0 光圈,f/1.0 Aperture,,V01,曝光控制 / 光圈,f/1.0，焦平面极薄、梦幻虚化。,,,,"f/1.0 aperture, razor-thin depth of field, dreamy bokeh",,"f/1.0 光圈, 焦平面极薄、梦幻虚化",,,,,曝光;光圈,互联网研究整理,published,V1.0
V01_T0002,f/1.2 光圈,f/1.2 Aperture,,V01,曝光控制 / 光圈,f/1.2，极浅景深、柔美奶油虚化。,,,,"f/1.2 aperture, ultra shallow depth of field, creamy bokeh",,"f/1.2 光圈, 极浅景深、柔美奶油虚化",,,,,曝光;光圈,互联网研究整理,published,V1.0
V01_T0003,f/1.4 光圈,f/1.4 Aperture,,V01,曝光控制 / 光圈,f/1.4，极浅景深、强背景分离。,,,,"f/1.4 aperture, very shallow depth of field, strong subject separation",,"f/1.4 光圈, 极浅景深、强背景分离",,,,,曝光;光圈,互联网研究整理,published,V1.0
V01_T0004,f/1.8 光圈,f/1.8 Aperture,,V01,曝光控制 / 光圈,f/1.8，浅景深、人像常用。,,,,"f/1.8 aperture, shallow depth of field, classic portrait",,"f/1.8 光圈, 浅景深、人像常用",,,,,曝光;光圈,互联网研究整理,published,V1.0
V01_T0005,f/2.0 光圈,f/2.0 Aperture,,V01,曝光控制 / 光圈,f/2.0，浅景深、柔和背景。,,,,"f/2.0 aperture, shallow depth of field, soft background",,"f/2.0 光圈, 浅景深、柔和背景",,,,,曝光;光圈,互联网研究整理,published,V1.0
V01_T0006,f/2.8 光圈,f/2.8 Aperture,,V01,曝光控制 / 光圈,f/2.8，中浅景深、恒定大光圈变焦。,,,,"f/2.8 aperture, moderately shallow depth of field",,"f/2.8 光圈, 中浅景深、恒定大光圈变焦",,,,,曝光;光圈,互联网研究整理,published,V1.0
V01_T0007,f/3.5 光圈,f/3.5 Aperture,,V01,曝光控制 / 光圈,f/3.5，适中偏浅景深。,,,,"f/3.5 aperture, slightly shallow depth of field",,"f/3.5 光圈, 适中偏浅景深",,,,,曝光;光圈,互联网研究整理,published,V1.0
V01_T0008,f/4 光圈,f/4 Aperture,,V01,曝光控制 / 光圈,f/4，适中景深。,,,,"f/4 aperture, moderate depth of field",,"f/4 光圈, 适中景深",,,,,曝光;光圈,互联网研究整理,published,V1.0
V01_T0009,f/5.6 光圈,f/5.6 Aperture,,V01,曝光控制 / 光圈,f/5.6，适中偏大景深、画质佳。,,,,"f/5.6 aperture, balanced sharp depth of field",,"f/5.6 光圈, 适中偏大景深、画质佳",,,,,曝光;光圈,互联网研究整理,published,V1.0
V01_T0010,f/8 光圈,f/8 Aperture,,V01,曝光控制 / 光圈,f/8，大景深、最佳画质甜点。,,,,"f/8 aperture, deep depth of field, sweet spot sharpness",,"f/8 光圈, 大景深、最佳画质甜点",,,,,曝光;光圈,互联网研究整理,published,V1.0
V01_T0011,f/11 光圈,f/11 Aperture,,V01,曝光控制 / 光圈,f/11，大景深、风光常用。,,,,"f/11 aperture, deep depth of field, landscape",,"f/11 光圈, 大景深、风光常用",,,,,曝光;光圈,互联网研究整理,published,V1.0
V01_T0012,f/16 光圈,f/16 Aperture,,V01,曝光控制 / 光圈,f/16，大景深、点光源星芒。,,,,"f/16 aperture, deep depth of field, sunstars",,"f/16 光圈, 大景深、点光源星芒",,,,,曝光;光圈,互联网研究整理,published,V1.0
V01_T0013,f/22 光圈,f/22 Aperture,,V01,曝光控制 / 光圈,f/22，极大景深、轻微衍射变软。,,,,"f/22 aperture, very deep depth of field, mild diffraction softening",,"f/22 光圈, 极大景深、轻微衍射变软",,,,,曝光;光圈,互联网研究整理,published,V1.0
V01_T0014,f/32 光圈,f/32 Aperture,,V01,曝光控制 / 光圈,f/32，极致景深、微距大画幅。,,,,"f/32 aperture, extreme depth of field, macro large format",,"f/32 光圈, 极致景深、微距大画幅",,,,,曝光;光圈,互联网研究整理,published,V1.0
V01_T0015,1/8000秒,1/8000s,,V01,曝光控制 / 快门速度,1/8000秒，凝固极高速运动。,,,,freeze ultra-fast motion 1/8000s,,"1/8000秒, 凝固极高速运动",,,,,曝光;快门,互联网研究整理,published,V1.0
V01_T0016,1/4000秒,1/4000s,,V01,曝光控制 / 快门速度,1/4000秒，凝固高速运动。,,,,freeze fast motion 1/4000s,,"1/4000秒, 凝固高速运动",,,,,曝光;快门,互联网研究整理,published,V1.0
V01_T0017,1/2000秒,1/2000s,,V01,曝光控制 / 快门速度,1/2000秒，凝固快速运动。,,,,freeze action 1/2000s,,"1/2000秒, 凝固快速运动",,,,,曝光;快门,互联网研究整理,published,V1.0
V01_T0018,1/1000秒,1/1000s,,V01,曝光控制 / 快门速度,1/1000秒，凝固运动。,,,,freeze motion 1/1000s,,"1/1000秒, 凝固运动",,,,,曝光;快门,互联网研究整理,published,V1.0
V01_T0019,1/500秒,1/500s,,V01,曝光控制 / 快门速度,1/500秒，凝固一般运动。,,,,sharp motion 1/500s,,"1/500秒, 凝固一般运动",,,,,曝光;快门,互联网研究整理,published,V1.0
V01_T0020,1/250秒,1/250s,,V01,曝光控制 / 快门速度,1/250秒，日常手持安全。,,,,handheld sharp 1/250s,,"1/250秒, 日常手持安全",,,,,曝光;快门,互联网研究整理,published,V1.0
V01_T0021,1/125秒,1/125s,,V01,曝光控制 / 快门速度,1/125秒，手持人像。,,,,handheld portrait 1/125s,,"1/125秒, 手持人像",,,,,曝光;快门,互联网研究整理,published,V1.0
V01_T0022,1/60秒,1/60s,,V01,曝光控制 / 快门速度,1/60秒，室内手持极限。,,,,indoor handheld 1/60s,,"1/60秒, 室内手持极限",,,,,曝光;快门,互联网研究整理,published,V1.0
V01_T0023,1/30秒,1/30s,,V01,曝光控制 / 快门速度,1/30秒，轻微拖影风险。,,,,slight motion blur 1/30s,,"1/30秒, 轻微拖影风险",,,,,曝光;快门,互联网研究整理,published,V1.0
V01_T0024,1/15秒,1/15s,,V01,曝光控制 / 快门速度,1/15秒，动态模糊。,,,,motion blur 1/15s,,"1/15秒, 动态模糊",,,,,曝光;快门,互联网研究整理,published,V1.0
V01_T0025,1/8秒,1/8s,,V01,曝光控制 / 快门速度,1/8秒，明显动态模糊。,,,,obvious motion blur 1/8s,,"1/8秒, 明显动态模糊",,,,,曝光;快门,互联网研究整理,published,V1.0
V01_T0026,1/4秒,1/4s,,V01,曝光控制 / 快门速度,1/4秒，需稳定的慢门。,,,,slow shutter 1/4s tripod,,"1/4秒, 需稳定的慢门",,,,,曝光;快门,互联网研究整理,published,V1.0
V01_T0027,1秒,1s,,V01,曝光控制 / 快门速度,1秒，长曝光。,,,,long exposure 1s,,"1秒, 长曝光",,,,,曝光;快门,互联网研究整理,published,V1.0
V01_T0028,5秒,5s,,V01,曝光控制 / 快门速度,5秒，丝绢流水光轨。,,,,long exposure 5s silky water light trails,,"5秒, 丝绢流水光轨",,,,,曝光;快门,互联网研究整理,published,V1.0
V01_T0029,15秒,15s,,V01,曝光控制 / 快门速度,15秒，超长曝光。,,,,long exposure 15s,,"15秒, 超长曝光",,,,,曝光;快门,互联网研究整理,published,V1.0
V01_T0030,30秒,30s,,V01,曝光控制 / 快门速度,30秒，夜景超长曝光。,,,,night long exposure 30s,,"30秒, 夜景超长曝光",,,,,曝光;快门,互联网研究整理,published,V1.0
V01_T0031,B门长曝,Bulb,,V01,曝光控制 / 快门速度,B门长曝，Bulb 任意时长星轨。,,,,bulb long exposure star trails,,"B门长曝, Bulb 任意时长星轨",,,,,曝光;快门,互联网研究整理,published,V1.0
V01_T0032,ISO 50,ISO 50,,V01,曝光控制 / 感光度,ISO 50，极致纯净、最低原生。,,,,"ISO 50, ultra clean, base low ISO",,"ISO 50, 极致纯净、最低原生",,,,,曝光;ISO,互联网研究整理,published,V1.0
V01_T0033,ISO 100,ISO 100,,V01,曝光控制 / 感光度,ISO 100，基准纯净无噪。,,,,"ISO 100, clean base ISO, no noise",,"ISO 100, 基准纯净无噪",,,,,曝光;ISO,互联网研究整理,published,V1.0
V01_T0034,ISO 200,ISO 200,,V01,曝光控制 / 感光度,ISO 200，纯净。,,,,"ISO 200, clean low noise",,"ISO 200, 纯净",,,,,曝光;ISO,互联网研究整理,published,V1.0
V01_T0035,ISO 400,ISO 400,,V01,曝光控制 / 感光度,ISO 400，通用、轻微颗粒。,,,,"ISO 400, versatile, slight grain",,"ISO 400, 通用、轻微颗粒",,,,,曝光;ISO,互联网研究整理,published,V1.0
V01_T0036,ISO 800,ISO 800,,V01,曝光控制 / 感光度,ISO 800，弱光、轻噪。,,,,"ISO 800, low light, mild noise",,"ISO 800, 弱光、轻噪",,,,,曝光;ISO,互联网研究整理,published,V1.0
V01_T0037,ISO 1600,ISO 1600,,V01,曝光控制 / 感光度,ISO 1600，弱光噪点。,,,,"ISO 1600, low light visible noise",,"ISO 1600, 弱光噪点",,,,,曝光;ISO,互联网研究整理,published,V1.0
V01_T0038,ISO 3200,ISO 3200,,V01,曝光控制 / 感光度,ISO 3200，高噪点。,,,,"ISO 3200, high ISO noise grain",,"ISO 3200, 高噪点",,,,,曝光;ISO,互联网研究整理,published,V1.0
V01_T0039,ISO 6400,ISO 6400,,V01,曝光控制 / 感光度,ISO 6400，强噪点。,,,,"ISO 6400, strong noise",,"ISO 6400, 强噪点",,,,,曝光;ISO,互联网研究整理,published,V1.0
V01_T0040,ISO 12800,ISO 12800,,V01,曝光控制 / 感光度,ISO 12800，极高噪点。,,,,"ISO 12800, very high ISO heavy noise",,"ISO 12800, 极高噪点",,,,,曝光;ISO,互联网研究整理,published,V1.0
V01_T0041,ISO 25600,ISO 25600,,V01,曝光控制 / 感光度,ISO 25600，极限弱光、极重噪。,,,,"ISO 25600, extreme low light, extreme noise",,"ISO 25600, 极限弱光、极重噪",,,,,曝光;ISO,互联网研究整理,published,V1.0
V01_T0042,高调,High Key,,V01,曝光控制 / 测光与影调,明亮通透、低对比。,,,,"high key, bright airy, low contrast",,"高调, 明亮通透, 低对比",,,,,曝光;影调,互联网研究整理,published,V1.0
V01_T0043,低调,Low Key,,V01,曝光控制 / 测光与影调,暗调、高对比、戏剧阴影。,,,,"low key, dark, dramatic shadows, high contrast",,"低调, 暗调, 戏剧阴影",,,,,曝光;影调,互联网研究整理,published,V1.0
V01_T0044,剪影,Silhouette,,V01,曝光控制 / 测光与影调,逆光黑剪影、亮背景。,,,,"silhouette, backlit dark subject, bright background",,"剪影, 逆光黑主体",,,,,曝光;影调,互联网研究整理,published,V1.0
V01_T0045,HDR包围曝光,HDR Bracketing,,V01,曝光控制 / 测光与影调,高动态范围、阴影高光皆有细节。,,,,"HDR, high dynamic range, detail in shadows and highlights",,"HDR, 高动态范围细节",,,,,曝光;影调,互联网研究整理,published,V1.0
V01_T0046,曝光过曝,Overexposed High Key,,V01,曝光控制 / 测光与影调,刻意过曝、洗白通透。,,,,"intentionally overexposed, blown highlights, airy",,"过曝, 洗白通透",,,,,曝光;影调,互联网研究整理,published,V1.0
V01_T0047,欠曝暗调,Underexposed Moody,,V01,曝光控制 / 测光与影调,刻意欠曝、压暗氛围。,,,,"underexposed, moody dark tones",,"欠曝, 压暗氛围",,,,,曝光;影调,互联网研究整理,published,V1.0
V01_T0048,8mm焦距,8mm Lens,,V01,镜头与光学 / 焦距,8mm，鱼眼超广、180度。,,,,"8mm lens, fisheye ultra-wide 180 degree",,"8mm 镜头, 鱼眼超广、180度",,,,,镜头;焦距,互联网研究整理,published,V1.0
V01_T0049,14mm焦距,14mm Lens,,V01,镜头与光学 / 焦距,14mm，超广角、夸张透视。,,,,"14mm lens, 14mm ultra-wide, exaggerated perspective",,"14mm 镜头, 超广角、夸张透视",,,,,镜头;焦距,互联网研究整理,published,V1.0
V01_T0050,16mm焦距,16mm Lens,,V01,镜头与光学 / 焦距,16mm，超广角。,,,,"16mm lens, 16mm ultra-wide angle",,"16mm 镜头, 超广角",,,,,镜头;焦距,互联网研究整理,published,V1.0
V01_T0051,20mm焦距,20mm Lens,,V01,镜头与光学 / 焦距,20mm，广角。,,,,"20mm lens, 20mm wide angle",,"20mm 镜头, 广角",,,,,镜头;焦距,互联网研究整理,published,V1.0
V01_T0052,24mm焦距,24mm Lens,,V01,镜头与光学 / 焦距,24mm，广角、环境交代。,,,,"24mm lens, 24mm wide angle environmental",,"24mm 镜头, 广角、环境交代",,,,,镜头;焦距,互联网研究整理,published,V1.0
V01_T0053,28mm焦距,28mm Lens,,V01,镜头与光学 / 焦距,28mm，小广角。,,,,"28mm lens, 28mm mild wide angle",,"28mm 镜头, 小广角",,,,,镜头;焦距,互联网研究整理,published,V1.0
V01_T0054,35mm焦距,35mm Lens,,V01,镜头与光学 / 焦距,35mm，人文、自然视角。,,,,"35mm lens, 35mm documentary natural perspective",,"35mm 镜头, 人文、自然视角",,,,,镜头;焦距,互联网研究整理,published,V1.0
V01_T0055,40mm焦距,40mm Lens,,V01,镜头与光学 / 焦距,40mm，准标准。,,,,"40mm lens, 40mm near standard",,"40mm 镜头, 准标准",,,,,镜头;焦距,互联网研究整理,published,V1.0
V01_T0056,50mm焦距,50mm Lens,,V01,镜头与光学 / 焦距,50mm，标准、接近人眼。,,,,"50mm lens, 50mm standard, human eye perspective",,"50mm 镜头, 标准、接近人眼",,,,,镜头;焦距,互联网研究整理,published,V1.0
V01_T0057,60mm焦距,60mm Lens,,V01,镜头与光学 / 焦距,60mm，微距标准。,,,,"60mm lens, 60mm macro standard",,"60mm 镜头, 微距标准",,,,,镜头;焦距,互联网研究整理,published,V1.0
V01_T0058,85mm焦距,85mm Lens,,V01,镜头与光学 / 焦距,85mm，人像、压缩讨喜。,,,,"85mm lens, 85mm portrait, flattering compression",,"85mm 镜头, 人像、压缩讨喜",,,,,镜头;焦距,互联网研究整理,published,V1.0
V01_T0059,105mm焦距,105mm Lens,,V01,镜头与光学 / 焦距,105mm，中长焦人像。,,,,"105mm lens, 105mm short telephoto portrait",,"105mm 镜头, 中长焦人像",,,,,镜头;焦距,互联网研究整理,published,V1.0
V01_T0060,135mm焦距,135mm Lens,,V01,镜头与光学 / 焦距,135mm，长焦人像、强压缩。,,,,"135mm lens, 135mm telephoto portrait, strong compression",,"135mm 镜头, 长焦人像、强压缩",,,,,镜头;焦距,互联网研究整理,published,V1.0
V01_T0061,200mm焦距,200mm Lens,,V01,镜头与光学 / 焦距,200mm，长焦、透视压缩。,,,,"200mm lens, 200mm telephoto, compressed perspective",,"200mm 镜头, 长焦、透视压缩",,,,,镜头;焦距,互联网研究整理,published,V1.0
V01_T0062,300mm焦距,300mm Lens,,V01,镜头与光学 / 焦距,300mm，超长焦。,,,,"300mm lens, 300mm super telephoto",,"300mm 镜头, 超长焦",,,,,镜头;焦距,互联网研究整理,published,V1.0
V01_T0063,400mm焦距,400mm Lens,,V01,镜头与光学 / 焦距,400mm，超长焦打鸟。,,,,"400mm lens, 400mm super telephoto wildlife",,"400mm 镜头, 超长焦打鸟",,,,,镜头;焦距,互联网研究整理,published,V1.0
V01_T0064,600mm焦距,600mm Lens,,V01,镜头与光学 / 焦距,600mm，极长焦。,,,,"600mm lens, 600mm extreme telephoto",,"600mm 镜头, 极长焦",,,,,镜头;焦距,互联网研究整理,published,V1.0
V01_T0065,定焦镜头,Prime Lens,,V01,镜头与光学 / 镜头类型,固定焦距、大光圈锐利。,,,,"prime lens, fixed focal length, sharp wide aperture",,"定焦镜头, 大光圈锐利",,,,,镜头;类型,互联网研究整理,published,V1.0
V01_T0066,变焦镜头,Zoom Lens,,V01,镜头与光学 / 镜头类型,可变焦距、灵活。,,,,"zoom lens, variable focal length",,"变焦镜头, 灵活",,,,,镜头;类型,互联网研究整理,published,V1.0
V01_T0067,微距镜头,Macro Lens,,V01,镜头与光学 / 镜头类型,1:1 放大极致近摄。,,,,"macro lens, 1:1 reproduction extreme close-up",,"微距镜头, 1:1放大",,,,,镜头;类型,互联网研究整理,published,V1.0
V01_T0068,鱼眼镜头,Fisheye Lens,,V01,镜头与光学 / 镜头类型,约180度强桶形畸变。,,,,"fisheye lens, 180 degree, barrel distortion",,"鱼眼镜头, 桶形畸变",,,,,镜头;类型,互联网研究整理,published,V1.0
V01_T0069,移轴镜头,Tilt-Shift Lens,,V01,镜头与光学 / 镜头类型,透视校正、微缩效果。,,,,"tilt-shift lens, perspective control, miniature effect",,"移轴镜头, 微缩效果",,,,,镜头;类型,互联网研究整理,published,V1.0
V01_T0070,折返镜头,Mirror Lens,,V01,镜头与光学 / 镜头类型,环形焦外、轻便超长焦。,,,,"mirror lens, ring bokeh, compact telephoto",,"折返镜头, 环形焦外",,,,,镜头;类型,互联网研究整理,published,V1.0
V01_T0071,柔焦镜头,Soft Focus Lens,,V01,镜头与光学 / 镜头类型,柔化梦幻、复古人像。,,,,"soft focus lens, dreamy glow vintage portrait",,"柔焦镜头, 梦幻",,,,,镜头;类型,互联网研究整理,published,V1.0
V01_T0072,浅景深,Shallow DoF,,V01,镜头与光学 / 景深与虚化,背景虚化、主体分离。,,,,"shallow depth of field, blurred background, subject isolation",,"浅景深, 背景虚化",,,,,镜头;散景,互联网研究整理,published,V1.0
V01_T0073,深景深,Deep DoF,,V01,镜头与光学 / 景深与虚化,前后皆清晰。,,,,"deep depth of field, sharp front to back",,"深景深, 前后全清",,,,,镜头;散景,互联网研究整理,published,V1.0
V01_T0074,奶油散景,Creamy Bokeh,,V01,镜头与光学 / 景深与虚化,柔滑焦外。,,,,creamy smooth bokeh,,"奶油散景, 柔滑焦外",,,,,镜头;散景,互联网研究整理,published,V1.0
V01_T0075,旋焦散景,Swirly Bokeh,,V01,镜头与光学 / 景深与虚化,老镜旋转焦外。,,,,"swirly bokeh, vintage Helios",,"旋焦散景, 复古",,,,,镜头;散景,互联网研究整理,published,V1.0
V01_T0076,焦外光斑,Bokeh Balls,,V01,镜头与光学 / 景深与虚化,圆形焦外高光。,,,,"bokeh balls, circular out-of-focus highlights",,焦外光斑,,,,,镜头;散景,互联网研究整理,published,V1.0
V01_T0077,二线性散景,Nervous Bokeh,,V01,镜头与光学 / 景深与虚化,焦外勾边生硬。,,,,"harsh nervous bokeh, double-line edges",,二线性散景,,,,,镜头;散景,互联网研究整理,published,V1.0
V01_T0078,移轴微缩,Tilt-Shift Miniature,,V01,镜头与光学 / 景深与虚化,选择性对焦微缩玩具感。,,,,"tilt-shift miniature, toy-like selective focus",,"移轴微缩, 玩具感",,,,,镜头;散景,互联网研究整理,published,V1.0
V01_T0079,桶形畸变,Barrel Distortion,,V01,镜头与光学 / 光学缺陷与效果,广角中心鼓起。,,,,"barrel distortion, wide-angle bulge",,"桶形畸变, 广角鼓起",,,,,镜头;效果,互联网研究整理,published,V1.0
V01_T0080,枕形畸变,Pincushion Distortion,,V01,镜头与光学 / 光学缺陷与效果,长焦中心凹陷。,,,,"pincushion distortion, telephoto pinch",,枕形畸变,,,,,镜头;效果,互联网研究整理,published,V1.0
V01_T0081,色散紫边,Chromatic Aberration,,V01,镜头与光学 / 光学缺陷与效果,高反差紫绿边。,,,,"chromatic aberration, purple green fringing",,"色散, 紫边",,,,,镜头;效果,互联网研究整理,published,V1.0
V01_T0082,暗角,Vignetting,,V01,镜头与光学 / 光学缺陷与效果,四角压暗。,,,,"vignetting, darkened corners",,"暗角, 四角压暗",,,,,镜头;效果,互联网研究整理,published,V1.0
V01_T0083,镜头眩光,Lens Flare,,V01,镜头与光学 / 光学缺陷与效果,强光光晕光斑。,,,,"lens flare, sun streaks",,"镜头眩光, 光斑",,,,,镜头;效果,互联网研究整理,published,V1.0
V01_T0084,变形宽银幕眩光,Anamorphic Flare,,V01,镜头与光学 / 光学缺陷与效果,水平蓝色光条。,,,,anamorphic horizontal blue flare,,变形宽银幕蓝色眩光,,,,,镜头;效果,互联网研究整理,published,V1.0
V01_T0085,星芒,Sunstar,,V01,镜头与光学 / 光学缺陷与效果,小光圈放射星芒。,,,,"sunstar starburst, small aperture",,"星芒, 放射",,,,,镜头;效果,互联网研究整理,published,V1.0
V01_T0086,光晕Halation,Halation,,V01,镜头与光学 / 光学缺陷与效果,强光红色光晕。,,,,"halation, red glow around highlights",,"红色光晕, halation",,,,,镜头;效果,互联网研究整理,published,V1.0
V01_T0087,全画幅,Full Frame,,V01,相机与感光 / 画幅,35mm、浅景深控制好。,,,,"full frame 35mm sensor, shallow depth control, clean",,"全画幅 35mm, 纯净",,,,,相机;画幅,互联网研究整理,published,V1.0
V01_T0088,中画幅,Medium Format,,V01,相机与感光 / 画幅,超高分辨率细腻过渡。,,,,"medium format, ultra high resolution, smooth gradation",,"中画幅, 超高分辨率",,,,,相机;画幅,互联网研究整理,published,V1.0
V01_T0089,APS-C画幅,APS-C,,V01,相机与感光 / 画幅,1.5x 裁切。,,,,APS-C crop sensor 1.5x,,"APS-C, 1.5倍裁切",,,,,相机;画幅,互联网研究整理,published,V1.0
V01_T0090,M4/3画幅,Micro Four Thirds,,V01,相机与感光 / 画幅,2x 裁切轻便。,,,,"micro four thirds, 2x crop, compact",,"M4/3, 2倍裁切",,,,,相机;画幅,互联网研究整理,published,V1.0
V01_T0091,大画幅,Large Format,,V01,相机与感光 / 画幅,4x5 极致细节。,,,,"large format 4x5 view camera, extreme detail",,"大画幅 4x5, 极致细节",,,,,相机;画幅,互联网研究整理,published,V1.0
V01_T0092,1英寸传感器,1-inch Sensor,,V01,相机与感光 / 画幅,便携相机画幅。,,,,1-inch sensor compact camera,,1英寸传感器,,,,,相机;画幅,互联网研究整理,published,V1.0
V01_T0093,单反相机,DSLR,,V01,相机与感光 / 相机类型,光学取景单反。,,,,DSLR camera,,单反相机,,,,,相机;类型,互联网研究整理,published,V1.0
V01_T0094,无反相机,Mirrorless,,V01,相机与感光 / 相机类型,电子取景无反。,,,,mirrorless camera,,无反相机,,,,,相机;类型,互联网研究整理,published,V1.0
V01_T0095,旁轴相机,Rangefinder,,V01,相机与感光 / 相机类型,徕卡式人文质感。,,,,"rangefinder camera, Leica look, documentary feel",,"旁轴相机, 徕卡质感",,,,,相机;类型,互联网研究整理,published,V1.0
V01_T0096,胶片相机,Film Camera,,V01,相机与感光 / 相机类型,模拟胶片质感。,,,,analog film camera look,,胶片相机,,,,,相机;类型,互联网研究整理,published,V1.0
V01_T0097,拍立得,Instant Polaroid,,V01,相机与感光 / 相机类型,白边柔和褪色。,,,,"instant polaroid, white border, faded soft tones",,"拍立得, 白边褪色",,,,,相机;类型,互联网研究整理,published,V1.0
V01_T0098,针孔相机,Pinhole,,V01,相机与感光 / 相机类型,柔焦梦幻无限景深。,,,,"pinhole camera, soft dreamy, infinite focus",,"针孔相机, 柔焦",,,,,相机;类型,互联网研究整理,published,V1.0
V01_T0099,CCD数码,CCD Digital,,V01,相机与感光 / 相机类型,复古数码色彩。,,,,"early CCD digital, vintage digital color",,CCD 复古数码色,,,,,相机;类型,互联网研究整理,published,V1.0
V01_T0100,运动相机,Action Cam,,V01,相机与感光 / 相机类型,超广鱼眼第一人称。,,,,"action camera, ultra-wide fisheye POV",,"运动相机, 鱼眼第一视角",,,,,相机;类型,互联网研究整理,published,V1.0
V01_T0101,黄金时刻,Golden Hour,,V01,布光与用光 / 自然光,暖阳柔光长影。,,,,"golden hour, warm soft directional sunlight, long shadows",,"黄金时刻, 暖阳柔光长影",,,,,布光;自然光,互联网研究整理,published,V1.0
V01_T0102,蓝调时刻,Blue Hour,,V01,布光与用光 / 自然光,冷色暮光均匀。,,,,"blue hour, cool twilight even light",,"蓝调时刻, 冷色暮光",,,,,布光;自然光,互联网研究整理,published,V1.0
V01_T0103,正午硬光,Harsh Midday,,V01,布光与用光 / 自然光,硬阴影高反差。,,,,"harsh midday sun, hard shadows, high contrast",,"正午硬光, 硬阴影",,,,,布光;自然光,互联网研究整理,published,V1.0
V01_T0104,阴天柔光,Overcast Soft,,V01,布光与用光 / 自然光,散射均匀低反差。,,,,overcast soft diffused even light,,"阴天柔光, 散射",,,,,布光;自然光,互联网研究整理,published,V1.0
V01_T0105,窗光,Window Light,,V01,布光与用光 / 自然光,柔和方向光人像。,,,,"window light, soft directional portrait",,"窗光, 柔和方向光",,,,,布光;自然光,互联网研究整理,published,V1.0
V01_T0106,逆光,Backlight,,V01,布光与用光 / 自然光,轮廓发光。,,,,"backlight, glowing rim light",,"逆光, 轮廓光",,,,,布光;自然光,互联网研究整理,published,V1.0
V01_T0107,侧逆光,Rim/Edge Light,,V01,布光与用光 / 自然光,边缘镶光。,,,,"rim backlight, edge glow",,"侧逆光, 边缘镶光",,,,,布光;自然光,互联网研究整理,published,V1.0
V01_T0108,侧光,Side Light,,V01,布光与用光 / 自然光,质感立体。,,,,"side light, texture and dimension",,"侧光, 质感立体",,,,,布光;自然光,互联网研究整理,published,V1.0
V01_T0109,顶光,Top Light,,V01,布光与用光 / 自然光,正上方光。,,,,top overhead light,,顶光,,,,,布光;自然光,互联网研究整理,published,V1.0
V01_T0110,丁达尔光,God Rays,,V01,布光与用光 / 自然光,体积光束、晨雾林间。,,,,"god rays, volumetric light beams, misty",,"丁达尔光, 体积光束",,,,,布光;自然光,互联网研究整理,published,V1.0
V01_T0111,斑驳光影,Dappled Light,,V01,布光与用光 / 自然光,树影斑驳。,,,,"dappled light, leaf shadows",,斑驳树影光,,,,,布光;自然光,互联网研究整理,published,V1.0
V01_T0112,伦勃朗光,Rembrandt,,V01,布光与用光 / 影室布光,颊部三角光戏剧人像。,,,,"Rembrandt lighting, triangle of light on cheek, dramatic",,"伦勃朗光, 颊部三角光",,,,,布光;影室;人像,互联网研究整理,published,V1.0
V01_T0113,蝴蝶光,Butterfly/Paramount,,V01,布光与用光 / 影室布光,鼻下蝶影魅力人像。,,,,"butterfly paramount lighting, glamour, under-nose shadow",,"蝴蝶光, 鼻下蝶影",,,,,布光;影室;人像,互联网研究整理,published,V1.0
V01_T0114,环形光,Loop,,V01,布光与用光 / 影室布光,鼻侧小阴影万用。,,,,"loop lighting, small nose shadow, versatile",,"环形光, 鼻侧小阴影",,,,,布光;影室;人像,互联网研究整理,published,V1.0
V01_T0115,分割光,Split,,V01,布光与用光 / 影室布光,半面光强戏剧。,,,,"split lighting, half face lit, dramatic",,"分割光, 半面光",,,,,布光;影室;人像,互联网研究整理,published,V1.0
V01_T0116,三点布光,Three-Point,,V01,布光与用光 / 影室布光,主辅轮廓。,,,,"three-point lighting, key fill rim",,三点布光,,,,,布光;影室;人像,互联网研究整理,published,V1.0
V01_T0117,蛤蜊光,Clamshell,,V01,布光与用光 / 影室布光,上下夹光美妆。,,,,"clamshell beauty lighting, even glow",,"蛤蜊光, 美妆",,,,,布光;影室;人像,互联网研究整理,published,V1.0
V01_T0118,宽位光,Broad Lighting,,V01,布光与用光 / 影室布光,近侧受光显脸宽。,,,,"broad lighting, near side lit",,宽位光,,,,,布光;影室;人像,互联网研究整理,published,V1.0
V01_T0119,窄位光,Short Lighting,,V01,布光与用光 / 影室布光,远侧受光显脸瘦。,,,,"short lighting, far side lit, slimming",,"窄位光, 显瘦",,,,,布光;影室;人像,互联网研究整理,published,V1.0
V01_T0120,高调布光,High-Key Studio,,V01,布光与用光 / 影室布光,全亮白少阴影。,,,,"high-key studio, bright white minimal shadow",,高调布光,,,,,布光;影室;人像,互联网研究整理,published,V1.0
V01_T0121,低调布光,Low-Key Studio,,V01,布光与用光 / 影室布光,单灯深阴影。,,,,"low-key studio, single source deep shadows",,低调布光,,,,,布光;影室;人像,互联网研究整理,published,V1.0
V01_T0122,柔光,Soft Light,,V01,布光与用光 / 光质与修饰器,大光源柔和过渡。,,,,"soft light, large source, gentle gradation",,"柔光, 柔和过渡",,,,,布光;光质,互联网研究整理,published,V1.0
V01_T0123,硬光,Hard Light,,V01,布光与用光 / 光质与修饰器,小光源锐利阴影。,,,,"hard light, small source, crisp shadows",,"硬光, 锐利阴影",,,,,布光;光质,互联网研究整理,published,V1.0
V01_T0124,柔光箱,Softbox,,V01,布光与用光 / 光质与修饰器,柔和方向光。,,,,softbox soft directional light,,柔光箱,,,,,布光;光质,互联网研究整理,published,V1.0
V01_T0125,八角柔光箱,Octabox,,V01,布光与用光 / 光质与修饰器,圆形眼神光。,,,,"octabox, round catchlight",,"八角柔光箱, 圆形眼神光",,,,,布光;光质,互联网研究整理,published,V1.0
V01_T0126,束光筒,Snoot,,V01,布光与用光 / 光质与修饰器,聚焦光束。,,,,"snoot, focused spotlight beam",,"束光筒, 聚光束",,,,,布光;光质,互联网研究整理,published,V1.0
V01_T0127,雷达罩,Beauty Dish,,V01,布光与用光 / 光质与修饰器,半硬美妆光。,,,,"beauty dish, semi-hard glamour light",,"雷达罩, 美妆光",,,,,布光;光质,互联网研究整理,published,V1.0
V01_T0128,反光板补光,Reflector Fill,,V01,布光与用光 / 光质与修饰器,柔化阴影。,,,,"reflector fill, soften shadows",,反光板补光,,,,,布光;光质,互联网研究整理,published,V1.0
V01_T0129,网格控光,Grid,,V01,布光与用光 / 光质与修饰器,收束防溢光。,,,,"grid, controlled directional beam",,网格控光,,,,,布光;光质,互联网研究整理,published,V1.0
V01_T0130,霓虹灯光,Neon,,V01,布光与用光 / 光质与修饰器,彩色辉光赛博朋克。,,,,"neon lighting, colorful glow cyberpunk",,"霓虹灯光, 赛博朋克",,,,,布光;光质,互联网研究整理,published,V1.0
V01_T0131,实用光源,Practical Lights,,V01,布光与用光 / 光质与修饰器,画面内灯具。,,,,practical lights in frame,,画面内实用光源,,,,,布光;光质,互联网研究整理,published,V1.0
V01_T0132,三分法,Rule of Thirds,,V01,构图与取景 / 构图法则,三分线交点。,,,,rule of thirds composition,,三分法构图,,,,,构图;法则,互联网研究整理,published,V1.0
V01_T0133,中心构图,Centered,,V01,构图与取景 / 构图法则,居中稳定对称。,,,,centered symmetrical composition,,中心构图,,,,,构图;法则,互联网研究整理,published,V1.0
V01_T0134,对角线构图,Diagonal,,V01,构图与取景 / 构图法则,动感张力。,,,,"diagonal composition, dynamic",,对角线构图,,,,,构图;法则,互联网研究整理,published,V1.0
V01_T0135,引导线,Leading Lines,,V01,构图与取景 / 构图法则,线条引导视线。,,,,leading lines guiding the eye,,引导线,,,,,构图;法则,互联网研究整理,published,V1.0
V01_T0136,框架构图,Framing,,V01,构图与取景 / 构图法则,前景框主体。,,,,"framing, natural frame around subject",,框架式构图,,,,,构图;法则,互联网研究整理,published,V1.0
V01_T0137,黄金比例,Golden Ratio,,V01,构图与取景 / 构图法则,螺旋黄金分割。,,,,golden ratio spiral composition,,黄金比例构图,,,,,构图;法则,互联网研究整理,published,V1.0
V01_T0138,负空间,Negative Space,,V01,构图与取景 / 构图法则,留白极简。,,,,"negative space, minimalist",,"负空间, 留白",,,,,构图;法则,互联网研究整理,published,V1.0
V01_T0139,对称构图,Symmetry,,V01,构图与取景 / 构图法则,镜像对称。,,,,"symmetry, mirrored composition",,对称构图,,,,,构图;法则,互联网研究整理,published,V1.0
V01_T0140,三角构图,Triangular,,V01,构图与取景 / 构图法则,稳定三角。,,,,"triangular composition, stable",,三角构图,,,,,构图;法则,互联网研究整理,published,V1.0
V01_T0141,重复韵律,Pattern Rhythm,,V01,构图与取景 / 构图法则,重复图案韵律。,,,,"repeating pattern, rhythm",,重复图案韵律,,,,,构图;法则,互联网研究整理,published,V1.0
V01_T0142,框中框,Frame in Frame,,V01,构图与取景 / 构图法则,层层框架。,,,,frame within a frame,,框中框,,,,,构图;法则,互联网研究整理,published,V1.0
V01_T0143,平视,Eye-Level,,V01,构图与取景 / 视角机位,平视自然。,,,,eye-level view,,平视,,,,,构图;视角,互联网研究整理,published,V1.0
V01_T0144,俯拍,High Angle,,V01,构图与取景 / 视角机位,向下弱化。,,,,high angle looking down,,俯拍,,,,,构图;视角,互联网研究整理,published,V1.0
V01_T0145,仰拍,Low Angle,,V01,构图与取景 / 视角机位,向上气势。,,,,"low angle looking up, powerful",,"仰拍, 气势",,,,,构图;视角,互联网研究整理,published,V1.0
V01_T0146,鸟瞰,Bird's Eye,,V01,构图与取景 / 视角机位,顶视俯瞰。,,,,bird's eye top-down view,,鸟瞰俯视,,,,,构图;视角,互联网研究整理,published,V1.0
V01_T0147,蠕虫视角,Worm's Eye,,V01,构图与取景 / 视角机位,贴地仰视。,,,,worm's eye ground-level up view,,蠕虫贴地视角,,,,,构图;视角,互联网研究整理,published,V1.0
V01_T0148,荷兰角,Dutch Angle,,V01,构图与取景 / 视角机位,倾斜地平线不安。,,,,"dutch angle, tilted horizon",,荷兰角倾斜,,,,,构图;视角,互联网研究整理,published,V1.0
V01_T0149,第一人称视角,POV,,V01,构图与取景 / 视角机位,主观第一人称。,,,,first person POV subjective,,第一人称视角,,,,,构图;视角,互联网研究整理,published,V1.0
V01_T0150,过肩视角,Over-the-Shoulder,,V01,构图与取景 / 视角机位,过肩。,,,,over-the-shoulder view,,过肩视角,,,,,构图;视角,互联网研究整理,published,V1.0
V01_T0151,大特写,Extreme Close-Up,,V01,构图与取景 / 景别,局部极致放大。,,,,extreme close-up macro detail,,大特写,,,,,构图;景别,互联网研究整理,published,V1.0
V01_T0152,特写,Close-Up,,V01,构图与取景 / 景别,聚焦局部。,,,,close-up shot,,特写,,,,,构图;景别,互联网研究整理,published,V1.0
V01_T0153,近景,Medium Close-Up,,V01,构图与取景 / 景别,胸部以上。,,,,"medium close-up, chest up",,近景,,,,,构图;景别,互联网研究整理,published,V1.0
V01_T0154,中景,Medium Shot,,V01,构图与取景 / 景别,腰部以上。,,,,"medium shot, waist up",,中景,,,,,构图;景别,互联网研究整理,published,V1.0
V01_T0155,全身,Full Shot,,V01,构图与取景 / 景别,完整人物。,,,,full body shot,,全身,,,,,构图;景别,互联网研究整理,published,V1.0
V01_T0156,远景,Wide Shot,,V01,构图与取景 / 景别,交代环境。,,,,wide establishing shot,,远景,,,,,构图;景别,互联网研究整理,published,V1.0
V01_T0157,大远景,Extreme Wide,,V01,构图与取景 / 景别,宏大全景。,,,,extreme wide landscape shot,,大远景,,,,,构图;景别,互联网研究整理,published,V1.0
V01_T0158,人像,Portrait,,V01,拍摄题材 / 人物,表情情绪人像。,,,,"portrait photography, expressive",,"人像, 表情情绪人像",,,,,题材;人物,互联网研究整理,published,V1.0
V01_T0159,环境人像,Environmental Portrait,,V01,拍摄题材 / 人物,结合环境。,,,,environmental portrait in context photography,,"环境人像, 结合环境",,,,,题材;人物,互联网研究整理,published,V1.0
V01_T0160,时尚大片,Fashion Editorial,,V01,拍摄题材 / 人物,杂志造型。,,,,"fashion editorial, stylized photography",,"时尚大片, 杂志造型",,,,,题材;人物,互联网研究整理,published,V1.0
V01_T0161,婚纱,Wedding,,V01,拍摄题材 / 人物,婚礼纪实。,,,,wedding photography,,"婚纱, 婚礼纪实",,,,,题材;人物,互联网研究整理,published,V1.0
V01_T0162,风光,Landscape,,V01,拍摄题材 / 风景,壮阔自然。,,,,"landscape, sweeping vista photography",,"风光, 壮阔自然",,,,,题材;风景,互联网研究整理,published,V1.0
V01_T0163,夜景,Night Cityscape,,V01,拍摄题材 / 风景,城市灯光。,,,,"night city photography, lights",,"夜景, 城市灯光",,,,,题材;风景,互联网研究整理,published,V1.0
V01_T0164,天文银河,Astrophotography,,V01,拍摄题材 / 风景,银河星空。,,,,"astrophotography, milky way",,"天文银河, 银河星空",,,,,题材;风景,互联网研究整理,published,V1.0
V01_T0165,海景,Seascape,,V01,拍摄题材 / 风景,海岸长曝。,,,,"seascape, long exposure ocean photography",,"海景, 海岸长曝",,,,,题材;风景,互联网研究整理,published,V1.0
V01_T0166,街拍,Street,,V01,拍摄题材 / 纪实,决定性瞬间。,,,,"street photography, candid decisive moment",,"街拍, 决定性瞬间",,,,,题材;纪实,互联网研究整理,published,V1.0
V01_T0167,纪实,Documentary,,V01,拍摄题材 / 纪实,真实记录。,,,,documentary photography,,"纪实, 真实记录",,,,,题材;纪实,互联网研究整理,published,V1.0
V01_T0168,新闻,Photojournalism,,V01,拍摄题材 / 纪实,新闻现场。,,,,"photojournalism, news photography",,"新闻, 新闻现场",,,,,题材;纪实,互联网研究整理,published,V1.0
V01_T0169,微距,Macro,,V01,拍摄题材 / 自然,极致近摄。,,,,"macro photography, extreme close-up",,"微距, 极致近摄",,,,,题材;自然,互联网研究整理,published,V1.0
V01_T0170,野生动物,Wildlife,,V01,拍摄题材 / 自然,长焦动物。,,,,"wildlife photography, telephoto",,"野生动物, 长焦动物",,,,,题材;自然,互联网研究整理,published,V1.0
V01_T0171,生态,Nature,,V01,拍摄题材 / 自然,花鸟自然。,,,,nature flora fauna photography,,"生态, 花鸟自然",,,,,题材;自然,互联网研究整理,published,V1.0
V01_T0172,产品,Product,,V01,拍摄题材 / 商业,影室静物。,,,,"product photography, studio",,"产品, 影室静物",,,,,题材;商业,互联网研究整理,published,V1.0
V01_T0173,美食,Food,,V01,拍摄题材 / 商业,诱人质感。,,,,"food photography, appetizing",,"美食, 诱人质感",,,,,题材;商业,互联网研究整理,published,V1.0
V01_T0174,珠宝,Jewelry,,V01,拍摄题材 / 商业,高反光微距。,,,,"jewelry macro, reflective photography",,"珠宝, 高反光微距",,,,,题材;商业,互联网研究整理,published,V1.0
V01_T0175,建筑,Architecture,,V01,拍摄题材 / 空间,线条几何。,,,,"architecture photography, geometry",,"建筑, 线条几何",,,,,题材;空间,互联网研究整理,published,V1.0
V01_T0176,室内,Interior,,V01,拍摄题材 / 空间,空间陈设。,,,,interior photography,,"室内, 空间陈设",,,,,题材;空间,互联网研究整理,published,V1.0
V01_T0177,航拍,Aerial Drone,,V01,拍摄题材 / 空间,无人机高空。,,,,aerial drone photography,,"航拍, 无人机高空",,,,,题材;空间,互联网研究整理,published,V1.0
V01_T0178,柯达Portra,Kodak Portra,,V01,胶片与质感 / 胶片类型,暖调自然肤色细颗粒。,,,,"Kodak Portra film, warm natural skin tones, fine grain",,"柯达Portra, 暖调自然肤色",,,,,胶片;质感,互联网研究整理,published,V1.0
V01_T0179,CineStill 800T,CineStill 800T,,V01,胶片与质感 / 胶片类型,钨调冷色红色光晕。,,,,"CineStill 800T, tungsten cool tones, red halation",,"CineStill 800T, 钨调红光晕",,,,,胶片;质感,互联网研究整理,published,V1.0
V01_T0180,富士经典铬,Fuji Classic Chrome,,V01,胶片与质感 / 胶片类型,青绿低饱和纪实。,,,,"Fujifilm Classic Chrome, muted green documentary",,"富士经典铬, 青绿低饱和",,,,,胶片;质感,互联网研究整理,published,V1.0
V01_T0181,富士Velvia,Fuji Velvia,,V01,胶片与质感 / 胶片类型,高饱和风光反转片。,,,,"Fuji Velvia, high saturation landscape slide",,"富士Velvia, 高饱和",,,,,胶片;质感,互联网研究整理,published,V1.0
V01_T0182,柯达Ektar,Kodak Ektar,,V01,胶片与质感 / 胶片类型,高饱和细腻。,,,,"Kodak Ektar, vivid saturated fine grain",,"柯达Ektar, 高饱和细腻",,,,,胶片;质感,互联网研究整理,published,V1.0
V01_T0183,黑白胶片,B&W Film,,V01,胶片与质感 / 胶片类型,Ilford颗粒单色。,,,,"black and white film, Ilford grainy monochrome",,"黑白胶片, 颗粒单色",,,,,胶片;质感,互联网研究整理,published,V1.0
V01_T0184,过期胶片,Expired Film,,V01,胶片与质感 / 胶片类型,偏色漏光复古。,,,,"expired film, color shift light leaks vintage",,"过期胶片, 偏色漏光",,,,,胶片;质感,互联网研究整理,published,V1.0
V01_T0185,胶片颗粒,Film Grain,,V01,胶片与质感 / 质感效果,模拟颗粒质感。,,,,"film grain texture, analog",,胶片颗粒,,,,,胶片;质感,互联网研究整理,published,V1.0
V01_T0186,漏光,Light Leaks,,V01,胶片与质感 / 质感效果,暖色漏光条纹。,,,,"light leaks, warm streaks",,"漏光, 暖色条纹",,,,,胶片;质感,互联网研究整理,published,V1.0
V01_T0187,黑白单色,Monochrome,,V01,胶片与质感 / 质感效果,去色影调。,,,,monochrome black and white,,黑白单色,,,,,胶片;质感,互联网研究整理,published,V1.0
V01_T0188,褪色复古,Faded Vintage,,V01,胶片与质感 / 质感效果,低饱和褪色。,,,,"faded vintage, low saturation retro",,褪色复古,,,,,胶片;质感,互联网研究整理,published,V1.0
V02_T0001,大远景,Extreme Long Shot,,V02,景别,宏大全景、人物渺小。,,,,"extreme long shot, vast scale, tiny subject",,"大远景, 宏大全景",,,,,电影;景别,互联网研究整理,published,V1.0
V02_T0002,远景,Long Shot,,V02,景别,交代环境全身。,,,,"long shot, full environment",,"远景, 环境全身",,,,,电影;景别,互联网研究整理,published,V1.0
V02_T0003,全景,Full Shot,,V02,景别,人物全身。,,,,"full shot, head to toe",,"全景, 全身",,,,,电影;景别,互联网研究整理,published,V1.0
V02_T0004,中全景,Medium Long Shot,,V02,景别,膝盖以上。,,,,"medium long shot, knees up",,"中全景, 膝上",,,,,电影;景别,互联网研究整理,published,V1.0
V02_T0005,中景,Medium Shot,,V02,景别,腰部以上。,,,,"medium shot, waist up",,"中景, 腰上",,,,,电影;景别,互联网研究整理,published,V1.0
V02_T0006,中近景,Medium Close-Up,,V02,景别,胸部以上。,,,,"medium close-up, chest up",,"中近景, 胸上",,,,,电影;景别,互联网研究整理,published,V1.0
V02_T0007,近景,Close Shot,,V02,景别,肩部以上。,,,,"close shot, shoulders up",,"近景, 肩上",,,,,电影;景别,互联网研究整理,published,V1.0
V02_T0008,特写,Close-Up,,V02,景别,面部表情。,,,,"close-up, face emotion",,"特写, 面部",,,,,电影;景别,互联网研究整理,published,V1.0
V02_T0009,大特写,Extreme Close-Up,,V02,景别,眼睛局部强度。,,,,"extreme close-up, eye detail intensity",,"大特写, 眼部局部",,,,,电影;景别,互联网研究整理,published,V1.0
V02_T0010,插入镜头,Insert Shot,,V02,景别,细节插入。,,,,"insert shot, detail cutaway",,"插入镜头, 细节",,,,,电影;景别,互联网研究整理,published,V1.0
V02_T0011,定场镜头,Establishing Shot,,V02,景别,开场交代时空。,,,,"establishing shot, sets location",,"定场镜头, 交代时空",,,,,电影;景别,互联网研究整理,published,V1.0
V02_T0012,推镜,Dolly In,,V02,机位运动,推进逼近主体。,,,,"dolly in, push toward subject",,"推镜, 逼近",,,,,电影;运动,互联网研究整理,published,V1.0
V02_T0013,拉镜,Dolly Out,,V02,机位运动,拉远抽离。,,,,"dolly out, pull away reveal",,"拉镜, 拉远抽离",,,,,电影;运动,互联网研究整理,published,V1.0
V02_T0014,横摇,Pan,,V02,机位运动,水平摇摄。,,,,"pan, horizontal sweep",,"横摇, 水平摇",,,,,电影;运动,互联网研究整理,published,V1.0
V02_T0015,纵摇,Tilt,,V02,机位运动,垂直俯仰摇。,,,,"tilt, vertical up down",,"纵摇, 俯仰",,,,,电影;运动,互联网研究整理,published,V1.0
V02_T0016,移镜,Tracking/Trucking,,V02,机位运动,平行平移跟随。,,,,"tracking shot, lateral move",,"移镜, 平移跟随",,,,,电影;运动,互联网研究整理,published,V1.0
V02_T0017,跟镜,Follow Shot,,V02,机位运动,跟随主体运动。,,,,"follow shot, moving with subject",,"跟镜, 跟随",,,,,电影;运动,互联网研究整理,published,V1.0
V02_T0018,升降镜,Pedestal/Boom,,V02,机位运动,垂直升降。,,,,pedestal boom up down,,"升降镜, 垂直升降",,,,,电影;运动,互联网研究整理,published,V1.0
V02_T0019,摇臂镜头,Crane Shot,,V02,机位运动,摇臂大幅运动。,,,,"crane shot, sweeping move",,摇臂镜头,,,,,电影;运动,互联网研究整理,published,V1.0
V02_T0020,斯坦尼康,Steadicam,,V02,机位运动,稳定器平滑跟拍。,,,,steadicam smooth following,,"斯坦尼康, 平滑跟拍",,,,,电影;运动,互联网研究整理,published,V1.0
V02_T0021,手持镜头,Handheld,,V02,机位运动,手持晃动纪实感。,,,,handheld shaky documentary feel,,"手持镜头, 晃动纪实",,,,,电影;运动,互联网研究整理,published,V1.0
V02_T0022,轨道车,Dolly Track,,V02,机位运动,轨道平滑移动。,,,,dolly track smooth move,,"轨道车, 平滑移动",,,,,电影;运动,互联网研究整理,published,V1.0
V02_T0023,变焦推拉,Zoom,,V02,机位运动,变焦改变视野。,,,,"zoom, focal length change",,变焦推拉,,,,,电影;运动,互联网研究整理,published,V1.0
V02_T0024,希区柯克变焦,Dolly Zoom,,V02,机位运动,眩晕反向变焦。,,,,"dolly zoom, vertigo effect",,"希区柯克变焦, 眩晕",,,,,电影;运动,互联网研究整理,published,V1.0
V02_T0025,甩镜,Whip Pan,,V02,机位运动,急速甩动转场。,,,,"whip pan, fast blur transition",,"甩镜, 急速转场",,,,,电影;运动,互联网研究整理,published,V1.0
V02_T0026,环绕镜头,Arc Shot,,V02,机位运动,环绕主体旋转。,,,,"arc shot, orbit around subject",,"环绕镜头, 旋转",,,,,电影;运动,互联网研究整理,published,V1.0
V02_T0027,航拍运动,Aerial/Drone,,V02,机位运动,无人机高空运动。,,,,aerial drone moving shot,,"航拍运动, 无人机",,,,,电影;运动,互联网研究整理,published,V1.0
V02_T0028,一镜到底,Long Take/Oner,,V02,机位运动,不间断长镜头。,,,,"long take, oner, continuous",,"一镜到底, 长镜头",,,,,电影;运动,互联网研究整理,published,V1.0
V02_T0029,主镜头,Master Shot,,V02,镜头语言,完整场景主镜。,,,,"master shot, full scene",,主镜头,,,,,电影;镜头语言,互联网研究整理,published,V1.0
V02_T0030,正反打,Shot Reverse Shot,,V02,镜头语言,对话正反打。,,,,"shot reverse shot, dialogue",,"正反打, 对话",,,,,电影;镜头语言,互联网研究整理,published,V1.0
V02_T0031,过肩镜头,Over-the-Shoulder,,V02,镜头语言,过肩对话。,,,,over-the-shoulder dialogue,,过肩镜头,,,,,电影;镜头语言,互联网研究整理,published,V1.0
V02_T0032,主观镜头,POV Shot,,V02,镜头语言,第一人称主观。,,,,POV first person subjective,,"主观镜头, 第一人称",,,,,电影;镜头语言,互联网研究整理,published,V1.0
V02_T0033,反应镜头,Reaction Shot,,V02,镜头语言,人物反应。,,,,"reaction shot, response",,反应镜头,,,,,电影;镜头语言,互联网研究整理,published,V1.0
V02_T0034,双人镜头,Two Shot,,V02,镜头语言,两人同框。,,,,"two shot, two subjects",,双人镜头,,,,,电影;镜头语言,互联网研究整理,published,V1.0
V02_T0035,空镜头,Cutaway/Empty,,V02,镜头语言,无人物空境。,,,,empty cutaway scenery,,空镜头,,,,,电影;镜头语言,互联网研究整理,published,V1.0
V02_T0036,长镜头,Long Take,,V02,镜头语言,长时间不切。,,,,"long take, extended duration",,长镜头,,,,,电影;镜头语言,互联网研究整理,published,V1.0
V02_T0037,180度轴线,180-Degree Rule,,V02,镜头语言,保持轴线一致。,,,,180 degree axis consistent screen direction,,180度轴线,,,,,电影;镜头语言,互联网研究整理,published,V1.0
V02_T0038,深焦镜头,Deep Focus,,V02,镜头语言,前后皆清晰调度。,,,,"deep focus, all planes sharp",,"深焦, 纵深清晰",,,,,电影;镜头语言,互联网研究整理,published,V1.0
V02_T0039,对焦转移,Rack Focus,,V02,镜头语言,焦点在前后景转移。,,,,"rack focus, focus pull shift",,"对焦转移, 焦点转移",,,,,电影;镜头语言,互联网研究整理,published,V1.0
V02_T0040,三点布光,Three-Point Lighting,,V02,电影布光与影调,主辅轮廓。,,,,three-point lighting key fill rim,,三点布光,,,,,电影;布光,互联网研究整理,published,V1.0
V02_T0041,高调影像,High Key,,V02,电影布光与影调,明亮低反差。,,,,high key bright low contrast,,高调影像,,,,,电影;布光,互联网研究整理,published,V1.0
V02_T0042,低调影像,Low Key,,V02,电影布光与影调,暗调高反差戏剧。,,,,low key dark high contrast dramatic,,"低调影像, 戏剧",,,,,电影;布光,互联网研究整理,published,V1.0
V02_T0043,明暗对照,Chiaroscuro,,V02,电影布光与影调,强烈光暗对比。,,,,"chiaroscuro, strong light dark contrast",,明暗对照,,,,,电影;布光,互联网研究整理,published,V1.0
V02_T0044,动机光,Motivated Lighting,,V02,电影布光与影调,符合场景光源逻辑。,,,,"motivated lighting, realistic source",,动机光,,,,,电影;布光,互联网研究整理,published,V1.0
V02_T0045,实用光源,Practical Lighting,,V02,电影布光与影调,画面内灯具光。,,,,practical lights in scene,,实用光源,,,,,电影;布光,互联网研究整理,published,V1.0
V02_T0046,逆光剪影,Backlit Silhouette,,V02,电影布光与影调,逆光黑剪影。,,,,backlit silhouette,,逆光剪影,,,,,电影;布光,互联网研究整理,published,V1.0
V02_T0047,边缘光,Rim/Kicker Light,,V02,电影布光与影调,勾勒轮廓边缘。,,,,rim kicker light edge glow,,"边缘光, 轮廓",,,,,电影;布光,互联网研究整理,published,V1.0
V02_T0048,夜戏蓝调,Day-for-Night,,V02,电影布光与影调,蓝调假夜。,,,,day-for-night blue moonlight,,"夜戏蓝调, 假夜",,,,,电影;布光,互联网研究整理,published,V1.0
V02_T0049,霓虹混光,Neon Mixed Light,,V02,电影布光与影调,彩色混合光赛博。,,,,neon mixed colored light cyberpunk,,"霓虹混光, 赛博",,,,,电影;布光,互联网研究整理,published,V1.0
V02_T0050,柔光氛围,Soft Diffused,,V02,电影布光与影调,柔和电影氛围。,,,,soft diffused cinematic mood,,柔光氛围,,,,,电影;布光,互联网研究整理,published,V1.0
V02_T0051,硬光戏剧,Hard Dramatic,,V02,电影布光与影调,硬光强阴影。,,,,hard light dramatic shadows,,硬光戏剧,,,,,电影;布光,互联网研究整理,published,V1.0
V02_T0052,学院画幅1.37,Academy 1.37,,V02,画幅与画格,经典学院比例。,,,,academy ratio 1.37:1,,学院画幅 1.37,,,,,电影;画幅,互联网研究整理,published,V1.0
V02_T0053,遮幅1.85,Widescreen 1.85,,V02,画幅与画格,标准宽银幕。,,,,1.85:1 widescreen,,遮幅 1.85,,,,,电影;画幅,互联网研究整理,published,V1.0
V02_T0054,变形宽银幕2.39,Anamorphic 2.39,,V02,画幅与画格,电影感超宽。,,,,2.39:1 anamorphic widescreen cinematic,,变形宽银幕 2.39,,,,,电影;画幅,互联网研究整理,published,V1.0
V02_T0055,16:9,16:9,,V02,画幅与画格,高清标准。,,,,16:9 HD standard,,16:9 宽高比,,,,,电影;画幅,互联网研究整理,published,V1.0
V02_T0056,4:3,4:3,,V02,画幅与画格,复古方正。,,,,4:3 retro boxy,,4:3 复古,,,,,电影;画幅,互联网研究整理,published,V1.0
V02_T0057,竖屏9:16,Vertical 9:16,,V02,画幅与画格,手机竖屏。,,,,9:16 vertical mobile,,竖屏 9:16,,,,,电影;画幅,互联网研究整理,published,V1.0
V02_T0058,IMAX 1.43,IMAX 1.43,,V02,画幅与画格,巨幕高画幅。,,,,IMAX 1.43 tall frame,,IMAX 1.43 巨幕,,,,,电影;画幅,互联网研究整理,published,V1.0
V02_T0059,变形椭圆散景,Anamorphic Bokeh,,V02,画幅与画格,椭圆形焦外。,,,,anamorphic oval bokeh,,变形椭圆散景,,,,,电影;画幅,互联网研究整理,published,V1.0
V02_T0060,变形蓝色眩光,Anamorphic Flare,,V02,画幅与画格,水平蓝色光条。,,,,anamorphic horizontal blue flare,,变形蓝色眩光,,,,,电影;画幅,互联网研究整理,published,V1.0
V02_T0061,35mm电影胶片,35mm Film,,V02,胶片与数字格式,标准电影胶片质感。,,,,35mm film grain cinematic,,35mm 电影胶片,,,,,电影;格式,互联网研究整理,published,V1.0
V02_T0062,16mm胶片,16mm Film,,V02,胶片与数字格式,颗粒粗复古。,,,,"16mm film, coarse grain vintage",,16mm 胶片,,,,,电影;格式,互联网研究整理,published,V1.0
V02_T0063,Super 8,Super 8,,V02,胶片与数字格式,家庭录像复古。,,,,super 8 home movie retro,,Super 8 复古,,,,,电影;格式,互联网研究整理,published,V1.0
V02_T0064,65mm/IMAX胶片,65mm Film,,V02,胶片与数字格式,极致细节大画幅。,,,,65mm large format extreme detail,,65mm 胶片,,,,,电影;格式,互联网研究整理,published,V1.0
V02_T0065,数字RAW,Digital RAW,,V02,胶片与数字格式,无损高宽容度。,,,,digital RAW high latitude,,数字 RAW,,,,,电影;格式,互联网研究整理,published,V1.0
V02_T0066,LOG灰片,LOG Profile,,V02,胶片与数字格式,低对比待调色。,,,,flat LOG profile for grading,,LOG 灰片,,,,,电影;格式,互联网研究整理,published,V1.0
V02_T0067,胶片颗粒,Film Grain,,V02,胶片与数字格式,电影胶片颗粒。,,,,cinematic film grain,,胶片颗粒,,,,,电影;格式,互联网研究整理,published,V1.0
V02_T0068,24帧电影感,24fps,,V02,帧率与时间,标准电影感运动模糊。,,,,24fps cinematic motion blur,,24帧 电影感,,,,,电影;时间,互联网研究整理,published,V1.0
V02_T0069,升格慢动作,Slow Motion,,V02,帧率与时间,高帧慢放。,,,,slow motion high frame rate,,升格慢动作,,,,,电影;时间,互联网研究整理,published,V1.0
V02_T0070,120帧极慢,120fps,,V02,帧率与时间,极致慢动作。,,,,120fps extreme slow motion,,120帧 极慢,,,,,电影;时间,互联网研究整理,published,V1.0
V02_T0071,延时摄影,Timelapse,,V02,帧率与时间,时间压缩流动。,,,,"timelapse, compressed time",,延时摄影,,,,,电影;时间,互联网研究整理,published,V1.0
V02_T0072,定格动画,Stop Motion,,V02,帧率与时间,逐帧定格。,,,,stop motion frame by frame,,定格动画,,,,,电影;时间,互联网研究整理,published,V1.0
V02_T0073,子弹时间,Bullet Time,,V02,帧率与时间,环绕凝固时间。,,,,"bullet time, frozen orbit",,子弹时间,,,,,电影;时间,互联网研究整理,published,V1.0
V02_T0074,场面调度,Mise-en-scène,,V02,场面调度与转场,画面元素布置。,,,,"mise-en-scene, staged composition",,场面调度,,,,,电影;调度,互联网研究整理,published,V1.0
V02_T0075,纵深调度,Deep Staging,,V02,场面调度与转场,前中后景纵深。,,,,"deep staging, layered depth",,纵深调度,,,,,电影;调度,互联网研究整理,published,V1.0
V02_T0076,前景遮挡,Foreground Framing,,V02,场面调度与转场,前景元素框遮。,,,,foreground framing occlusion,,前景遮挡,,,,,电影;调度,互联网研究整理,published,V1.0
V02_T0077,叠化转场,Dissolve,,V02,场面调度与转场,画面交叠过渡。,,,,dissolve transition,,叠化转场,,,,,电影;调度,互联网研究整理,published,V1.0
V02_T0078,淡入淡出,Fade,,V02,场面调度与转场,渐显渐隐。,,,,fade in out,,淡入淡出,,,,,电影;调度,互联网研究整理,published,V1.0
V02_T0079,划像转场,Wipe,,V02,场面调度与转场,划过切换。,,,,wipe transition,,划像转场,,,,,电影;调度,互联网研究整理,published,V1.0
V02_T0080,匹配剪辑,Match Cut,,V02,场面调度与转场,形态匹配切换。,,,,"match cut, graphic match",,匹配剪辑,,,,,电影;调度,互联网研究整理,published,V1.0
V03_T0001,油画,Oil Painting,,V03,绘画媒介,厚重层次、色彩浓郁luminous。,,,,"oil painting, rich layered luminous color",,"油画, 浓郁层次",,,,,绘画;媒介,互联网研究整理,published,V1.0
V03_T0002,水彩,Watercolor,,V03,绘画媒介,透明水润晕染。,,,,"watercolor, transparent luminous washes",,"水彩, 透明晕染",,,,,绘画;媒介,互联网研究整理,published,V1.0
V03_T0003,丙烯,Acrylic,,V03,绘画媒介,速干鲜艳。,,,,"acrylic painting, fast-dry vivid",,"丙烯, 鲜艳",,,,,绘画;媒介,互联网研究整理,published,V1.0
V03_T0004,水粉,Gouache,,V03,绘画媒介,不透明哑光平涂。,,,,"gouache, opaque matte flat color",,"水粉, 哑光平涂",,,,,绘画;媒介,互联网研究整理,published,V1.0
V03_T0005,坦培拉,Tempera,,V03,绘画媒介,蛋彩细腻古典。,,,,"egg tempera, fine classical",,"坦培拉, 蛋彩古典",,,,,绘画;媒介,互联网研究整理,published,V1.0
V03_T0006,壁画,Fresco,,V03,绘画媒介,湿壁画矿物质感。,,,,"fresco mural, mineral texture",,"壁画, 湿壁",,,,,绘画;媒介,互联网研究整理,published,V1.0
V03_T0007,水墨,Ink Wash,,V03,绘画媒介,东方水墨写意。,,,,chinese ink wash painting,,"水墨, 写意",,,,,绘画;媒介,互联网研究整理,published,V1.0
V03_T0008,粉彩,Pastel,,V03,绘画媒介,柔和粉质。,,,,"soft pastel, powdery",,"粉彩, 柔和粉质",,,,,绘画;媒介,互联网研究整理,published,V1.0
V03_T0009,彩铅,Colored Pencil,,V03,绘画媒介,细腻彩铅。,,,,colored pencil drawing,,彩铅,,,,,绘画;媒介,互联网研究整理,published,V1.0
V03_T0010,马克笔,Marker,,V03,绘画媒介,设计马克笔。,,,,marker illustration,,"马克笔, 设计",,,,,绘画;媒介,互联网研究整理,published,V1.0
V03_T0011,铅笔素描,Pencil Sketch,,V03,绘画媒介,铅笔线稿。,,,,"pencil sketch, graphite",,铅笔素描,,,,,绘画;媒介,互联网研究整理,published,V1.0
V03_T0012,炭笔,Charcoal,,V03,绘画媒介,炭笔浓黑明暗。,,,,"charcoal drawing, bold tonal",,"炭笔, 浓黑明暗",,,,,绘画;媒介,互联网研究整理,published,V1.0
V03_T0013,钢笔淡彩,Pen and Wash,,V03,绘画媒介,钢笔线+淡彩。,,,,pen and ink wash,,钢笔淡彩,,,,,绘画;媒介,互联网研究整理,published,V1.0
V03_T0014,木刻版画,Woodcut,,V03,绘画媒介,木刻黑白肌理。,,,,"woodcut print, bold texture",,木刻版画,,,,,绘画;媒介,互联网研究整理,published,V1.0
V03_T0015,铜版画,Etching,,V03,绘画媒介,蚀刻细线。,,,,"etching, fine engraved lines",,"铜版画, 蚀刻",,,,,绘画;媒介,互联网研究整理,published,V1.0
V03_T0016,丝网版画,Screen Print,,V03,绘画媒介,波普平涂套色。,,,,"silkscreen, pop flat color",,"丝网版画, 套色",,,,,绘画;媒介,互联网研究整理,published,V1.0
V03_T0017,数字绘画,Digital Painting,,V03,绘画媒介,数位板厚涂。,,,,"digital painting, concept art",,数字绘画,,,,,绘画;媒介,互联网研究整理,published,V1.0
V03_T0018,文艺复兴,Renaissance,,V03,艺术流派与时代,古典写实和谐。,,,,"renaissance painting, classical realism",,"文艺复兴, 古典写实",,,,,绘画;流派,互联网研究整理,published,V1.0
V03_T0019,巴洛克,Baroque,,V03,艺术流派与时代,戏剧明暗动感。,,,,"baroque, dramatic chiaroscuro movement",,"巴洛克, 戏剧明暗",,,,,绘画;流派,互联网研究整理,published,V1.0
V03_T0020,洛可可,Rococo,,V03,艺术流派与时代,华丽柔美装饰。,,,,"rococo, ornate pastel elegance",,"洛可可, 华丽柔美",,,,,绘画;流派,互联网研究整理,published,V1.0
V03_T0021,新古典主义,Neoclassicism,,V03,艺术流派与时代,庄重理性线条。,,,,"neoclassical, ordered linear",,新古典主义,,,,,绘画;流派,互联网研究整理,published,V1.0
V03_T0022,浪漫主义,Romanticism,,V03,艺术流派与时代,情感壮丽自然。,,,,"romanticism, dramatic emotional nature",,浪漫主义,,,,,绘画;流派,互联网研究整理,published,V1.0
V03_T0023,写实主义,Realism,,V03,艺术流派与时代,真实日常。,,,,"realism, truthful everyday",,写实主义,,,,,绘画;流派,互联网研究整理,published,V1.0
V03_T0024,印象派,Impressionism,,V03,艺术流派与时代,光色瞬间笔触。,,,,"impressionism, loose brushstrokes light",,"印象派, 光色笔触",,,,,绘画;流派,互联网研究整理,published,V1.0
V03_T0025,后印象派,Post-Impressionism,,V03,艺术流派与时代,主观色彩结构。,,,,"post-impressionism, expressive color",,后印象派,,,,,绘画;流派,互联网研究整理,published,V1.0
V03_T0026,点彩派,Pointillism,,V03,艺术流派与时代,色点并置。,,,,"pointillism, dots of color",,"点彩派, 色点",,,,,绘画;流派,互联网研究整理,published,V1.0
V03_T0027,野兽派,Fauvism,,V03,艺术流派与时代,狂野纯色。,,,,"fauvism, wild vivid color",,"野兽派, 纯色",,,,,绘画;流派,互联网研究整理,published,V1.0
V03_T0028,表现主义,Expressionism,,V03,艺术流派与时代,主观扭曲情绪。,,,,"expressionism, distorted emotional",,"表现主义, 扭曲情绪",,,,,绘画;流派,互联网研究整理,published,V1.0
V03_T0029,立体主义,Cubism,,V03,艺术流派与时代,几何多视点。,,,,"cubism, fragmented geometric multiple viewpoints",,"立体主义, 几何多视点",,,,,绘画;流派,互联网研究整理,published,V1.0
V03_T0030,未来主义,Futurism,,V03,艺术流派与时代,速度动感。,,,,"futurism, motion speed",,未来主义,,,,,绘画;流派,互联网研究整理,published,V1.0
V03_T0031,达达主义,Dada,,V03,艺术流派与时代,拼贴反叛。,,,,"dada, collage anti-art",,"达达, 拼贴",,,,,绘画;流派,互联网研究整理,published,V1.0
V03_T0032,超现实主义,Surrealism,,V03,艺术流派与时代,梦境荒诞并置。,,,,"surrealism, dreamlike bizarre juxtaposition",,"超现实主义, 梦境",,,,,绘画;流派,互联网研究整理,published,V1.0
V03_T0033,抽象表现主义,Abstract Expressionism,,V03,艺术流派与时代,泼洒抽象。,,,,"abstract expressionism, gestural",,抽象表现主义,,,,,绘画;流派,互联网研究整理,published,V1.0
V03_T0034,波普艺术,Pop Art,,V03,艺术流派与时代,大众文化鲜艳。,,,,"pop art, bold commercial",,波普艺术,,,,,绘画;流派,互联网研究整理,published,V1.0
V03_T0035,极简主义,Minimalism,,V03,艺术流派与时代,极简几何。,,,,"minimalism, geometric reduction",,极简主义,,,,,绘画;流派,互联网研究整理,published,V1.0
V03_T0036,浮世绘,Ukiyo-e,,V03,艺术流派与时代,日本木刻平面。,,,,ukiyo-e japanese woodblock flat,,浮世绘,,,,,绘画;流派,互联网研究整理,published,V1.0
V03_T0037,拜占庭,Byzantine,,V03,艺术流派与时代,金底圣像。,,,,"byzantine, gold icon",,"拜占庭, 金底圣像",,,,,绘画;流派,互联网研究整理,published,V1.0
V03_T0038,哥特,Gothic,,V03,艺术流派与时代,尖拱宗教。,,,,"gothic, religious pointed",,哥特,,,,,绘画;流派,互联网研究整理,published,V1.0
V03_T0039,中国山水,Chinese Landscape,,V03,艺术流派与时代,水墨山水留白。,,,,chinese shanshui ink landscape,,"中国山水, 留白",,,,,绘画;流派,互联网研究整理,published,V1.0
V03_T0040,装饰艺术,Art Deco,,V03,艺术流派与时代,几何奢华对称。,,,,"art deco, geometric luxe symmetry",,装饰艺术 Art Deco,,,,,绘画;流派,互联网研究整理,published,V1.0
V03_T0041,新艺术运动,Art Nouveau,,V03,艺术流派与时代,有机曲线植物。,,,,"art nouveau, organic flowing lines",,"新艺术, 有机曲线",,,,,绘画;流派,互联网研究整理,published,V1.0
V03_T0042,厚涂,Impasto,,V03,笔触与肌理,厚堆笔触立体。,,,,"impasto, thick textured strokes",,"厚涂, 立体笔触",,,,,绘画;笔触,互联网研究整理,published,V1.0
V03_T0043,罩染,Glazing,,V03,笔触与肌理,透明层叠通透。,,,,"glazing, transparent layers luminous",,"罩染, 透明层叠",,,,,绘画;笔触,互联网研究整理,published,V1.0
V03_T0044,干笔,Drybrush,,V03,笔触与肌理,干笔飞白。,,,,"drybrush, scratchy texture",,"干笔, 飞白",,,,,绘画;笔触,互联网研究整理,published,V1.0
V03_T0045,湿画法,Wet-on-Wet,,V03,笔触与肌理,湿融柔边。,,,,"wet-on-wet, soft blended edges",,"湿画法, 柔边",,,,,绘画;笔触,互联网研究整理,published,V1.0
V03_T0046,平涂,Flat Color,,V03,笔触与肌理,平整色块。,,,,flat color blocking,,"平涂, 色块",,,,,绘画;笔触,互联网研究整理,published,V1.0
V03_T0047,可见笔触,Visible Brushstrokes,,V03,笔触与肌理,笔触明显。,,,,visible expressive brushstrokes,,可见笔触,,,,,绘画;笔触,互联网研究整理,published,V1.0
V03_T0048,刮刀,Palette Knife,,V03,笔触与肌理,刮刀块面。,,,,"palette knife, bold planes",,刮刀,,,,,绘画;笔触,互联网研究整理,published,V1.0
V03_T0049,泼墨,Splashed Ink,,V03,笔触与肌理,泼洒水墨。,,,,"splashed ink, spontaneous",,泼墨,,,,,绘画;笔触,互联网研究整理,published,V1.0
V03_T0050,皴法,Texture Strokes,,V03,笔触与肌理,山石皴法。,,,,texture strokes shanshui,,皴法,,,,,绘画;笔触,互联网研究整理,published,V1.0
V03_T0051,晕染,Gradation Wash,,V03,笔触与肌理,渐变晕染。,,,,graded wash gradation,,晕染,,,,,绘画;笔触,互联网研究整理,published,V1.0
V03_T0052,一点透视,One-Point Perspective,,V03,造型语言,单灭点纵深。,,,,one-point perspective,,一点透视,,,,,绘画;造型,互联网研究整理,published,V1.0
V03_T0053,两点透视,Two-Point Perspective,,V03,造型语言,双灭点立体。,,,,two-point perspective,,两点透视,,,,,绘画;造型,互联网研究整理,published,V1.0
V03_T0054,三点透视,Three-Point Perspective,,V03,造型语言,俯仰三灭点。,,,,three-point perspective,,三点透视,,,,,绘画;造型,互联网研究整理,published,V1.0
V03_T0055,空气透视,Atmospheric Perspective,,V03,造型语言,远处淡蓝虚化。,,,,"atmospheric perspective, distant haze",,"空气透视, 远处淡化",,,,,绘画;造型,互联网研究整理,published,V1.0
V03_T0056,明暗五调,Tonal Values,,V03,造型语言,高光灰中调阴影反光。,,,,"five tonal values, light to shadow",,明暗五调,,,,,绘画;造型,互联网研究整理,published,V1.0
V03_T0057,素描关系,Form Modeling,,V03,造型语言,体积塑造。,,,,"form modeling, volume shading",,"素描关系, 体积",,,,,绘画;造型,互联网研究整理,published,V1.0
V03_T0058,人体解剖,Anatomy,,V03,造型语言,骨骼肌肉结构。,,,,"anatomy, skeletal muscle structure",,人体解剖,,,,,绘画;造型,互联网研究整理,published,V1.0
V03_T0059,黄金分割,Golden Ratio,,V03,造型语言,比例和谐。,,,,golden ratio proportion,,黄金分割,,,,,绘画;造型,互联网研究整理,published,V1.0
V03_T0060,梵高风格,Van Gogh Style,,V03,代表性风格,漩涡厚涂笔触。,,,,"in the style of Van Gogh, swirling impasto",,"梵高风格, 漩涡笔触",,,,,绘画;风格,互联网研究整理,published,V1.0
V03_T0061,莫奈风格,Monet Style,,V03,代表性风格,印象光色。,,,,"in the style of Monet, impressionist light",,莫奈风格,,,,,绘画;风格,互联网研究整理,published,V1.0
V03_T0062,达利风格,Dalí Style,,V03,代表性风格,超现实融化。,,,,"in the style of Dali, surreal melting",,"达利风格, 超现实",,,,,绘画;风格,互联网研究整理,published,V1.0
V03_T0063,葛饰北斋风格,Hokusai Style,,V03,代表性风格,浮世绘波浪。,,,,"in the style of Hokusai, ukiyo-e wave",,"北斋风格, 浮世绘",,,,,绘画;风格,互联网研究整理,published,V1.0
V03_T0064,克林姆特风格,Klimt Style,,V03,代表性风格,金箔装饰。,,,,"in the style of Klimt, gold ornament",,"克林姆特, 金箔",,,,,绘画;风格,互联网研究整理,published,V1.0
V03_T0065,伦勃朗风格,Rembrandt Style,,V03,代表性风格,暗调明暗对照。,,,,"in the style of Rembrandt, chiaroscuro",,"伦勃朗风格, 明暗",,,,,绘画;风格,互联网研究整理,published,V1.0
V03_T0066,莫兰迪风格,Morandi Style,,V03,代表性风格,灰调静物。,,,,"in the style of Morandi, muted still life",,"莫兰迪, 灰调",,,,,绘画;风格,互联网研究整理,published,V1.0
V03_T0067,蒙德里安风格,Mondrian Style,,V03,代表性风格,红黄蓝格子。,,,,"in the style of Mondrian, primary grid",,"蒙德里安, 格子",,,,,绘画;风格,互联网研究整理,published,V1.0
